Number of Epochs,F1 Score
1,62.34586956734862
2,63.41892451334356
3,62.80847238342928
5,62.00520817578395
7,61.63164501122566
